Microservice,Test ID,Fonctionnalité,Scénario de Test,Type,Priorité,Préconditions,Données de Test,Étapes,Résultat Attendu,Statut,Commentaires
BASKET,TC_BASKET_001,Création de panier,Créer un panier vide avec un CustomerId valide,Positif,Haute,Aucune,"CustomerId = ""customer-123""","1. Appeler POST /api/baskets avec CustomerId | 2. Vérifier la réponse","Code HTTP 201 Created | BasketId généré | CustomerId = ""customer-123"" | Items = []",À tester,Test de création basique
BASKET,TC_BASKET_002,Création de panier,Créer un panier sans CustomerId,Négatif,Haute,Aucune,CustomerId = null ou vide,"1. Appeler POST /api/baskets sans CustomerId | 2. Vérifier l'erreur","Code HTTP 400 Bad Request | Message: ""CustomerId est requis""",À tester,Validation obligatoire
BASKET,TC_BASKET_003,Ajout d'item,Ajouter un produit valide au panier,Positif,Haute,Un panier existe,"CatalogItemId valide | ProductName = ""iPhone"" | UnitPrice = 1199.99 | Quantity = 2","1. POST /api/baskets/{basketId}/items | 2. Vérifier l'ajout","Code HTTP 200 OK | Item ajouté | Quantity = 2",À tester,Ajout simple
BASKET,TC_BASKET_004,Ajout d'item,Ajouter avec quantité = 0,Négatif,Moyenne,Un panier existe,Quantity = 0,"1. POST avec Quantity = 0 | 2. Vérifier erreur","Code HTTP 400 | Erreur validation",À tester,Validation quantité
BASKET,TC_BASKET_005,Ajout d'item,Ajouter avec quantité négative,Négatif,Moyenne,Un panier existe,Quantity = -5,"1. POST avec quantité négative | 2. Erreur","Code HTTP 400 | Validation échouée",À tester,Quantité invalide
BASKET,TC_BASKET_006,Ajout d'item,Ajouter avec prix = 0,Négatif,Moyenne,Un panier existe,"UnitPrice = 0, Quantity = 1","1. POST avec prix = 0 | 2. Erreur","Code HTTP 400 | Message: ""Prix > 0 requis""",À tester,Validation prix
BASKET,TC_BASKET_007,Ajout d'item,Ajouter avec prix négatif,Négatif,Moyenne,Un panier existe,UnitPrice = -99.99,"1. POST avec prix négatif | 2. Erreur","Code HTTP 400 | Erreur validation",À tester,Prix invalide
BASKET,TC_BASKET_008,Ajout d'item,Ajouter sans nom de produit,Négatif,Moyenne,Un panier existe,ProductName = null,"1. POST sans ProductName | 2. Erreur","Code HTTP 400 | Nom requis",À tester,Validation nom
BASKET,TC_BASKET_009,Ajout d'item,Même produit deux fois (incrémentation),Positif,Haute,Panier avec item existant,"Même CatalogItemId | Qty existante = 2 | Nouvelle = 3","1. Ajouter même produit | 2. Vérifier quantité totale","Quantity = 5 (2+3) | Pas de doublon",À tester,Incrémentation auto
BASKET,TC_BASKET_010,Ajout d'item,Plusieurs produits différents,Positif,Moyenne,Un panier existe,"3 produits différents","1. Ajouter 3 produits | 2. Vérifier panier","Items.Count = 3 | Tous présents",À tester,Multi-produits
BASKET,TC_BASKET_011,Suppression d'item,Supprimer un item existant,Positif,Haute,Panier avec 2 items,CatalogItemId valide,"1. DELETE item | 2. Vérifier suppression","Code HTTP 204 | Item supprimé",À tester,Suppression
BASKET,TC_BASKET_012,Suppression d'item,Supprimer item inexistant,Négatif,Moyenne,Un panier existe,CatalogItemId inexistant,"1. DELETE inexistant | 2. Erreur","Code HTTP 404 | Non trouvé",À tester,Item inexistant
BASKET,TC_BASKET_013,Mise à jour quantité,Mettre à jour quantité existante,Positif,Haute,Panier avec item (Qty=2),NewQuantity = 5,"1. PUT nouvelle quantité | 2. Vérifier","Quantity = 5 | Total recalculé",À tester,Mise à jour
BASKET,TC_BASKET_014,Mise à jour quantité,Mettre à jour avec Qty = 0,Négatif,Moyenne,Panier avec item,NewQuantity = 0,"1. PUT Qty = 0 | 2. Erreur","Code HTTP 400 | Validation",À tester,Quantité invalide
BASKET,TC_BASKET_015,Mise à jour quantité,Mettre à jour avec Qty négative,Négatif,Moyenne,Panier avec item,NewQuantity = -3,"1. PUT négatif | 2. Erreur","Code HTTP 400 | Erreur",À tester,Quantité négative
BASKET,TC_BASKET_016,Vider le panier,Vider panier avec items,Positif,Haute,Panier avec 3 items,Aucune,"1. DELETE /clear | 2. Vérifier","Items = [] | Panier vide",À tester,Vider panier
BASKET,TC_BASKET_017,Vider le panier,Vider panier déjà vide,Positif,Basse,Panier vide,Aucune,"1. DELETE /clear | 2. OK","Code HTTP 204 | Idempotent",À tester,Idempotence
BASKET,TC_BASKET_018,Suppression panier,Supprimer un panier existant,Positif,Moyenne,Un panier existe,BasketId valide,"1. DELETE panier | 2. Vérifier","Code HTTP 204 | GET retourne 404",À tester,Suppression panier
BASKET,TC_BASKET_019,Suppression panier,Supprimer panier inexistant,Négatif,Basse,Panier inexistant,BasketId inexistant,"1. DELETE inexistant | 2. Erreur","Code HTTP 404 | Non trouvé",À tester,Panier inexistant
BASKET,TC_BASKET_020,Récupération,Récupérer panier par ID,Positif,Haute,Panier avec 2 items,BasketId valide,"1. GET panier | 2. Vérifier données","Code HTTP 200 | Items.Count = 2",À tester,Lecture panier
BASKET,TC_BASKET_021,Récupération,Récupérer panier inexistant,Négatif,Moyenne,Panier inexistant,BasketId inexistant,"1. GET inexistant | 2. Erreur","Code HTTP 404 | Non trouvé",À tester,Panier inexistant
BASKET,TC_BASKET_022,Récupération par client,Récupérer par CustomerId,Positif,Haute,Panier pour customer-456,CustomerId valide,"1. GET par CustomerId | 2. Vérifier","Code HTTP 200 | CustomerId correct",À tester,Récupération client
BASKET,TC_BASKET_023,Récupération par client,Client sans panier,Négatif,Moyenne,Client sans panier,CustomerId sans panier,"1. GET | 2. Erreur","Code HTTP 404 | Aucun panier",À tester,Client sans panier
BASKET,TC_BASKET_024,Validation ID,BasketId invalide,Négatif,Moyenne,Aucune,BasketId = ""invalid-guid""","1. POST avec ID invalide | 2. Erreur","Code HTTP 400 | Format invalide",À tester,Validation GUID
BASKET,TC_BASKET_025,Validation ID,CatalogItemId invalide,Négatif,Moyenne,Un panier existe,CatalogItemId invalide,"1. POST item | 2. Erreur","Code HTTP 400 | Format GUID",À tester,Validation GUID produit
BASKET,TC_BASKET_026,Performance,Ajouter 50 produits,Performance,Basse,Un panier existe,50 produits différents,"1. Ajouter 50 items | 2. Mesurer temps","Toutes requêtes < 200ms | Count = 50",À tester,Charge
BASKET,TC_BASKET_027,Concurrence,Deux ajouts simultanés,Concurrence,Moyenne,Un panier existe,User1 et User2 ajoutent,"1. 2 POST parallèles | 2. Vérifier intégrité","2 produits présents | Pas de perte",À tester,Concurrence
BASKET,TC_BASKET_028,Intégration,Produit supprimé du Catalog,Intégration,Moyenne,Produit supprimé,CatalogItemId supprimé,"1. Ajouter produit supprimé | 2. Erreur","Code HTTP 400/404 | Non disponible",À tester,Validation Catalog
BASKET,TC_BASKET_029,Intégration,Propagation changement prix,Intégration,Haute,Produit dans panier | Prix change,"Prix 99.99 → 149.99","1. Changer prix Catalog | 2. Attendre événement | 3. Vérifier panier","UnitPrice = 149.99 | Délai < 3s",À tester,Événement RabbitMQ
BASKET,TC_BASKET_030,Checkout,Transformer panier en commande,Intégration,Haute,Panier avec 3 items,ShippingAddress etc.,"1. Checkout | 2. Créer commande | 3. Vider panier","Commande créée | Panier vidé",À tester,Flow checkout
CATALOG,TC_CATALOG_001,Création produit,Créer produit complet,Positif,Haute,Type et Brand existent,"Name=""iPhone"" | Price=1199.99 | Stock=100","1. POST produit | 2. Vérifier création","Code HTTP 201 | Id généré | Données OK",À tester,Création basique
CATALOG,TC_CATALOG_002,Création produit,Créer sans nom,Négatif,Haute,Aucune,Name = null,"1. POST sans nom | 2. Erreur","Code HTTP 400 | Nom requis",À tester,Validation nom
CATALOG,TC_CATALOG_003,Création produit,Nom vide (espaces),Négatif,Moyenne,Aucune,Name = ""   ""","1. POST espaces | 2. Erreur","Code HTTP 400 | Validation",À tester,Nom non vide
CATALOG,TC_CATALOG_004,Création produit,Prix = 0,Négatif,Haute,Aucune,Price = 0,"1. POST prix 0 | 2. Erreur","Code HTTP 400 | Prix > 0 requis",À tester,Validation prix
CATALOG,TC_CATALOG_005,Création produit,Prix négatif,Négatif,Haute,Aucune,Price = -99.99,"1. POST négatif | 2. Erreur","Code HTTP 400 | Erreur",À tester,Prix invalide
CATALOG,TC_CATALOG_006,Création produit,Stock négatif,Négatif,Moyenne,Aucune,AvailableStock = -10,"1. POST stock négatif | 2. Erreur","Code HTTP 400 | Stock >= 0",À tester,Validation stock
CATALOG,TC_CATALOG_007,Création produit,MaxStock < RestockThreshold,Négatif,Moyenne,Aucune,MaxStock=50 < RestockThreshold=100,"1. POST seuils incohérents | 2. Erreur","Code HTTP 400 | Erreur validation",À tester,Cohérence seuils
CATALOG,TC_CATALOG_008,Création produit,CatalogTypeId inexistant,Négatif,Moyenne,TypeId inexistant,CatalogTypeId invalide,"1. POST type invalide | 2. Erreur","Code HTTP 400/404 | Type non trouvé",À tester,Validation FK Type
CATALOG,TC_CATALOG_009,Création produit,CatalogBrandId inexistant,Négatif,Moyenne,BrandId inexistant,CatalogBrandId invalide,"1. POST brand invalide | 2. Erreur","Code HTTP 400/404 | Marque non trouvée",À tester,Validation FK Brand
CATALOG,TC_CATALOG_010,Mise à jour,Mettre à jour toutes propriétés,Positif,Haute,Un produit existe,Nouvelles valeurs,"1. PUT produit | 2. Vérifier MAJ","Code HTTP 200 | Données mises à jour",À tester,Update complet
CATALOG,TC_CATALOG_011,Mise à jour,Mettre à jour prix uniquement,Positif,Haute,Un produit existe,Price = 1499.99,"1. PUT nouveau prix | 2. Vérifier événement","Code HTTP 200 | PriceChangedEvent levé",À tester,Changement prix
CATALOG,TC_CATALOG_012,Mise à jour,Produit inexistant,Négatif,Moyenne,Produit inexistant,Id inexistant,"1. PUT inexistant | 2. Erreur","Code HTTP 404 | Non trouvé",À tester,Produit inexistant
CATALOG,TC_CATALOG_013,Mise à jour,Données invalides,Négatif,Moyenne,Un produit existe,Name vide | Prix négatif,"1. PUT données invalides | 2. Erreurs","Code HTTP 400 | Erreurs validation",À tester,Validation update
CATALOG,TC_CATALOG_014,Suppression,Supprimer produit existant,Positif,Haute,Un produit existe,Id valide,"1. DELETE produit | 2. Vérifier","Code HTTP 204 | GET retourne 404",À tester,Suppression
CATALOG,TC_CATALOG_015,Suppression,Supprimer produit inexistant,Négatif,Moyenne,Produit inexistant,Id inexistant,"1. DELETE inexistant | 2. Erreur","Code HTTP 404 | Non trouvé",À tester,Produit inexistant
CATALOG,TC_CATALOG_016,Suppression,Produit dans paniers actifs,Intégration,Haute,Produit dans 5 paniers,ProductId valide,"1. DELETE produit | 2. Vérifier propagation","Événement publié | Paniers notifiés",À tester,Impact paniers
CATALOG,TC_CATALOG_017,Gestion stock,Ajouter du stock,Positif,Haute,Stock actuel = 50,Quantity = +30,"1. POST +30 | 2. Vérifier","Stock = 80 | Événement levé",À tester,Ajout stock
CATALOG,TC_CATALOG_018,Gestion stock,Retirer du stock,Positif,Haute,Stock actuel = 50,Quantity = -20,"1. POST -20 | 2. Vérifier","Stock = 30 | Événement levé",À tester,Retrait stock
CATALOG,TC_CATALOG_019,Gestion stock,Retirer plus que disponible,Négatif,Haute,Stock = 10,Quantity = -50,"1. POST -50 | 2. Erreur","Code HTTP 400 | Stock insuffisant",À tester,Validation stock
CATALOG,TC_CATALOG_020,Gestion stock,Atteindre seuil réapprovisionnement,Positif,Moyenne,Stock=15 | Seuil=10,Quantity = -6,"1. Retrait | 2. Vérifier événement","Stock=9 | RestockEvent | OnReorder=true",À tester,Alerte réappro
CATALOG,TC_CATALOG_021,Gestion stock,Réapprovisionner rupture stock,Positif,Haute,Stock=0 | OnReorder=true,Quantity = +100,"1. Ajouter 100 | 2. Vérifier","Stock=100 | OnReorder=false",À tester,Réapprovisionnement
CATALOG,TC_CATALOG_022,Récupération,Récupérer produit par ID,Positif,Haute,Un produit existe,Id valide,"1. GET produit | 2. Vérifier","Code HTTP 200 | Toutes propriétés",À tester,Lecture produit
CATALOG,TC_CATALOG_023,Récupération,Récupérer produit inexistant,Négatif,Moyenne,Produit inexistant,Id inexistant,"1. GET inexistant | 2. Erreur","Code HTTP 404 | Non trouvé",À tester,Produit inexistant
CATALOG,TC_CATALOG_024,Liste,Récupérer tous les produits,Positif,Haute,3 produits existent,Aucune,"1. GET tous | 2. Vérifier","Code HTTP 200 | 3 produits",À tester,Liste complète
CATALOG,TC_CATALOG_025,Liste,Pagination,Positif,Moyenne,50 produits | PageSize=10,Page=1 Size=10,"1. GET paginé | 2. Vérifier","10 produits | Métadonnées pagination",À tester,Pagination
CATALOG,TC_CATALOG_026,Filtrage,Par type spécifique,Positif,Haute,Type Smartphones = 5 produits,TypeId valide,"1. GET par type | 2. Vérifier","5 produits | Bon TypeId",À tester,Filtrage type
CATALOG,TC_CATALOG_027,Filtrage,Type sans produits,Positif,Basse,Type vide,TypeId vide,"1. GET type vide | 2. Résultat","Liste vide []",À tester,Type vide
CATALOG,TC_CATALOG_028,Filtrage,Par marque spécifique,Positif,Haute,Brand Apple = 10 produits,BrandId valide,"1. GET par marque | 2. Vérifier","10 produits | Bon BrandId",À tester,Filtrage marque
CATALOG,TC_CATALOG_029,Filtrage,Marque inexistante,Négatif,Basse,Marque inexistante,BrandId inexistant,"1. GET marque invalide | 2. Résultat","Code HTTP 200 [] OU 404",À tester,Marque inexistante
CATALOG,TC_CATALOG_030,Recherche,Par nom (contient),Positif,Haute,5 produits avec ""iPhone"",SearchTerm=""iPhone""","1. GET search | 2. Vérifier","5 produits contenant ""iPhone""",À tester,Recherche textuelle
CATALOG,TC_CATALOG_031,Recherche,Terme vide,Positif,Basse,10 produits,SearchTerm vide,"1. GET search vide | 2. Résultat","Tous produits OU erreur",À tester,Recherche vide
CATALOG,TC_CATALOG_032,Recherche,Aucun résultat,Positif,Moyenne,Aucun match,SearchTerm inexistant,"1. GET search | 2. Résultat","Liste vide []",À tester,Pas de résultat
CATALOG,TC_CATALOG_033,Types catalogue,Récupérer tous types,Positif,Haute,3 types existent,Aucune,"1. GET types | 2. Vérifier","Code HTTP 200 | 3 types",À tester,Liste types
CATALOG,TC_CATALOG_034,Types catalogue,Créer nouveau type,Positif,Moyenne,Aucune,Type=""Smartwatches""","1. POST type | 2. Vérifier","Code HTTP 201 | Type créé",À tester,Création type
CATALOG,TC_CATALOG_035,Types catalogue,Créer type nom vide,Négatif,Moyenne,Aucune,Type vide,"1. POST vide | 2. Erreur","Code HTTP 400 | Nom requis",À tester,Validation type
CATALOG,TC_CATALOG_036,Types catalogue,Type déjà existant (doublon),Négatif,Moyenne,Type existe,Type existant,"1. POST doublon | 2. Erreur","Code HTTP 400/409 | Existe déjà",À tester,Unicité type
CATALOG,TC_CATALOG_037,Marques,Récupérer toutes marques,Positif,Haute,4 marques existent,Aucune,"1. GET marques | 2. Vérifier","Code HTTP 200 | 4 marques",À tester,Liste marques
CATALOG,TC_CATALOG_038,Marques,Créer nouvelle marque,Positif,Moyenne,Aucune,Brand=""Huawei""","1. POST marque | 2. Vérifier","Code HTTP 201 | Marque créée",À tester,Création marque
CATALOG,TC_CATALOG_039,Marques,Créer marque nom vide,Négatif,Moyenne,Aucune,Brand vide,"1. POST vide | 2. Erreur","Code HTTP 400 | Nom requis",À tester,Validation marque
CATALOG,TC_CATALOG_040,Marques,Marque déjà existante,Négatif,Moyenne,Marque existe,Brand existante,"1. POST doublon | 2. Erreur","Code HTTP 400/409 | Existe déjà",À tester,Unicité marque
CATALOG,TC_CATALOG_041,Images,Upload image produit,Positif,Moyenne,Un produit existe,image.jpg < 5MB,"1. POST image | 2. Vérifier","Code HTTP 200 | PictureUri accessible",À tester,Upload image
CATALOG,TC_CATALOG_042,Images,Format invalide,Négatif,Moyenne,Un produit existe,document.pdf,"1. POST PDF | 2. Erreur","Code HTTP 400 | Format non supporté",À tester,Validation format
CATALOG,TC_CATALOG_043,Images,Image trop volumineuse,Négatif,Basse,Un produit existe,image.jpg > 5MB,"1. POST > 5MB | 2. Erreur","Code HTTP 400 | Taille max dépassée",À tester,Validation taille
CATALOG,TC_CATALOG_044,Performance,Récupérer 1000 produits,Performance,Basse,1000 produits | PageSize=100,10 pages,"1. 10 requêtes | 2. Mesurer","Chaque < 500ms | 1000 produits",À tester,Charge lecture
CATALOG,TC_CATALOG_045,Performance,Créer 100 produits,Performance,Basse,Aucune,100 produits,"1. Créer 100 | 2. Mesurer","Total < 30s | 100 créés",À tester,Charge création
CATALOG,TC_CATALOG_046,Intégration,Changement prix → RabbitMQ,Intégration,Haute,Produit dans paniers,Prix 99.99 → 149.99,"1. Changer prix | 2. Événement | 3. Vérifier paniers","Événement publié | Paniers MAJ < 3s",À tester,Event-Driven
CATALOG,TC_CATALOG_047,Intégration,Suppression → Notification services,Intégration,Haute,Produit dans paniers/commandes,ProductId valide,"1. DELETE | 2. Événement | 3. Impact","Événement publié | Basket/Order notifiés",À tester,Propagation
CATALOG,TC_CATALOG_048,Concurrence,Modifications simultanées,Concurrence,Moyenne,Un produit existe,User1 et User2 MAJ prix,"1. 2 PUT parallèles | 2. Vérifier","1 gagne OU dernier gagne | Cohérence",À tester,Concurrence
CATALOG,TC_CATALOG_049,Concurrence,Retraits stock simultanés,Concurrence,Haute,Stock=10 | 3 commandes x5,"3 retraits -5 simultanés","1. 3 POST parallèles | 2. Vérifier","2 réussissent | 1 échoue | Stock=0",À tester,Race condition
CATALOG,TC_CATALOG_050,Validation ID,GUID invalide,Négatif,Basse,Aucune,Id=""invalid""","1. GET/PUT/DELETE invalide | 2. Erreur","Code HTTP 400 | Format invalide",À tester,Validation GUID
ORDERING,TC_ORDER_001,Création,Créer commande complète,Positif,Haute,Client existe,Toutes données valides,"1. POST commande | 2. Vérifier","Code HTTP 201 | Status=Initial | OrderId généré",À tester,Création basique
ORDERING,TC_ORDER_002,Création,Sans CustomerId,Négatif,Haute,Aucune,CustomerId = null,"1. POST sans CustomerId | 2. Erreur","Code HTTP 400 | CustomerId requis",À tester,Validation CustomerId
ORDERING,TC_ORDER_003,Création,Sans adresse livraison,Négatif,Haute,Aucune,ShippingAddress = null,"1. POST sans adresse | 2. Erreur","Code HTTP 400 | Adresse requise",À tester,Validation adresse
ORDERING,TC_ORDER_004,Création,Sans adresse facturation,Négatif,Haute,Aucune,BillingAddress = null,"1. POST sans adresse | 2. Erreur","Code HTTP 400 | Adresse requise",À tester,Validation adresse
ORDERING,TC_ORDER_005,Création,Email invalide,Négatif,Haute,Aucune,Email=""invalid""","1. POST email invalide | 2. Erreur","Code HTTP 400 | Format email invalide",À tester,Validation email
ORDERING,TC_ORDER_006,Création,Sans email,Négatif,Moyenne,Aucune,Email = null,"1. POST sans email | 2. Erreur","Code HTTP 400 | Email requis",À tester,Validation email
ORDERING,TC_ORDER_007,Création,Sans téléphone,Négatif,Moyenne,Aucune,Phone = null,"1. POST sans téléphone | 2. Résultat","Code HTTP 400 OU accepté",À tester,Validation téléphone
ORDERING,TC_ORDER_008,Création,Sans méthode paiement,Négatif,Haute,Aucune,PaymentMethod = null,"1. POST sans paiement | 2. Erreur","Code HTTP 400 | Paiement requis",À tester,Validation paiement
ORDERING,TC_ORDER_009,Ajout item,Ajouter item (status Initial),Positif,Haute,Commande Initial,Item valide (iPhone x2),"1. POST item | 2. Vérifier","Code HTTP 200 | Item ajouté | Total calculé",À tester,Ajout item
ORDERING,TC_ORDER_010,Ajout item,Quantité = 0,Négatif,Moyenne,Une commande existe,Quantity = 0,"1. POST Qty=0 | 2. Erreur","Code HTTP 400 | Qty > 0 requis",À tester,Validation quantité
ORDERING,TC_ORDER_011,Ajout item,Quantité négative,Négatif,Moyenne,Une commande existe,Quantity = -5,"1. POST négatif | 2. Erreur","Code HTTP 400 | Erreur validation",À tester,Quantité invalide
ORDERING,TC_ORDER_012,Ajout item,Prix négatif,Négatif,Moyenne,Une commande existe,UnitPrice = -99.99,"1. POST prix négatif | 2. Erreur","Code HTTP 400 | Erreur validation",À tester,Prix invalide
ORDERING,TC_ORDER_013,Ajout item,Sans nom produit,Négatif,Basse,Une commande existe,ProductName = null,"1. POST sans nom | 2. Erreur","Code HTTP 400 | Nom requis",À tester,Validation nom
ORDERING,TC_ORDER_014,Ajout item,Commande déjà livrée,Négatif,Haute,Status = Delivered,Item valide,"1. POST sur commande livrée | 2. Erreur","Code HTTP 400 | Immutable",À tester,Immutabilité
ORDERING,TC_ORDER_015,Ajout item,Commande annulée,Négatif,Haute,Status = Cancelled,Item valide,"1. POST sur annulée | 2. Erreur","Code HTTP 400 | Immutable",À tester,Immutabilité
ORDERING,TC_ORDER_016,Ajout item,Plusieurs items,Positif,Haute,Une commande,3 items différents,"1. Ajouter 3 items | 2. Vérifier total","Items.Count=3 | Total=5649.94",À tester,Multi-items
ORDERING,TC_ORDER_017,Ajout item,Avec remise 10%,Positif,Moyenne,Une commande,Prix=100 Qty=2 Discount=10,"1. Ajouter avec remise | 2. Vérifier calcul","Total item=180 | Calcul correct",À tester,Calcul remise
ORDERING,TC_ORDER_018,Ajout item,Remise > 100%,Négatif,Basse,Une commande,Discount = 150,"1. POST remise > 100% | 2. Erreur","Code HTTP 400 | Remise max 100%",À tester,Validation remise
ORDERING,TC_ORDER_019,Suppression item,Supprimer item (Initial),Positif,Haute,Commande avec 2 items,CatalogItemId valide,"1. DELETE item | 2. Vérifier","Code HTTP 204 | Item supprimé | Total recalculé",À tester,Suppression
ORDERING,TC_ORDER_020,Suppression item,Item inexistant,Négatif,Moyenne,Une commande,CatalogItemId inexistant,"1. DELETE inexistant | 2. Erreur","Code HTTP 404 | Non trouvé",À tester,Item inexistant
ORDERING,TC_ORDER_021,Suppression item,Commande livrée,Négatif,Haute,Status = Delivered,Item valide,"1. DELETE sur livrée | 2. Erreur","Code HTTP 400 | Immutable",À tester,Immutabilité
ORDERING,TC_ORDER_022,Mise à jour Qty,Mettre à jour quantité,Positif,Haute,Item avec Qty=2,NewQuantity = 5,"1. PUT nouvelle Qty | 2. Vérifier","Qty=5 | Total recalculé",À tester,Update quantité
ORDERING,TC_ORDER_023,Mise à jour Qty,Quantité = 0,Négatif,Moyenne,Item existant,NewQuantity = 0,"1. PUT Qty=0 | 2. Erreur","Code HTTP 400 | Qty > 0",À tester,Validation
ORDERING,TC_ORDER_024,Mise à jour Qty,Commande expédiée,Négatif,Haute,Status = Shipped,NewQuantity = 10,"1. PUT sur Shipped | 2. Erreur","Code HTTP 400 | Immutable",À tester,Immutabilité
ORDERING,TC_ORDER_025,Soumission,Soumettre commande (Initial→Pending),Positif,Haute,Commande Initial avec items,Aucune,"1. POST submit | 2. Vérifier statut","Status=Pending | Événement levé",À tester,Soumission
ORDERING,TC_ORDER_026,Soumission,Soumettre commande vide,Négatif,Haute,Commande sans items,Aucune,"1. POST submit vide | 2. Erreur","Code HTTP 400 | Commande vide",À tester,Validation non vide
ORDERING,TC_ORDER_027,Soumission,Soumettre déjà soumise,Négatif,Moyenne,Status = Pending,Aucune,"1. POST submit 2x | 2. Résultat","Code HTTP 400 OU idempotent",À tester,Idempotence
ORDERING,TC_ORDER_028,Expédition,Expédier (Processing→Shipped),Positif,Haute,Status = Processing,Aucune,"1. POST ship | 2. Vérifier","Status=Shipped | Événement publié",À tester,Expédition
ORDERING,TC_ORDER_029,Expédition,Expédier commande Initial,Négatif,Haute,Status = Initial,Aucune,"1. POST ship sur Initial | 2. Erreur","Code HTTP 400 | Statut invalide",À tester,Validation workflow
ORDERING,TC_ORDER_030,Expédition,Expédier déjà expédiée,Négatif,Moyenne,Status = Shipped,Aucune,"1. POST ship 2x | 2. Résultat","Code HTTP 400 OU idempotent",À tester,Idempotence
ORDERING,TC_ORDER_031,Livraison,Livrer (Shipped→Delivered),Positif,Haute,Status = Shipped,Aucune,"1. POST deliver | 2. Vérifier","Status=Delivered | DeliveryDate définie",À tester,Livraison
ORDERING,TC_ORDER_032,Livraison,Livrer non expédiée,Négatif,Haute,Status = Pending,Aucune,"1. POST deliver sur Pending | 2. Erreur","Code HTTP 400 | Doit être expédiée",À tester,Validation workflow
ORDERING,TC_ORDER_033,Livraison,Livrer déjà livrée,Négatif,Moyenne,Status = Delivered,Aucune,"1. POST deliver 2x | 2. Résultat","Code HTTP 400 OU idempotent",À tester,Idempotence
ORDERING,TC_ORDER_034,Annulation,Annuler (Pending→Cancelled),Positif,Haute,Status = Pending,Aucune,"1. POST cancel | 2. Vérifier","Status=Cancelled | Événement levé",À tester,Annulation
ORDERING,TC_ORDER_035,Annulation,Annuler (Initial→Cancelled),Positif,Haute,Status = Initial,Aucune,"1. POST cancel | 2. Vérifier","Status=Cancelled",À tester,Annulation avant soumission
ORDERING,TC_ORDER_036,Annulation,Annuler commande expédiée,Négatif,Haute,Status = Shipped,Aucune,"1. POST cancel sur Shipped | 2. Erreur","Code HTTP 400 | Impossible",À tester,Validation annulation
ORDERING,TC_ORDER_037,Annulation,Annuler commande livrée,Négatif,Haute,Status = Delivered,Aucune,"1. POST cancel sur Delivered | 2. Erreur","Code HTTP 400 | Impossible",À tester,Impossibilité annulation
ORDERING,TC_ORDER_038,Annulation,Annuler déjà annulée,Négatif,Basse,Status = Cancelled,Aucune,"1. POST cancel 2x | 2. Résultat","Code HTTP 400 OU idempotent",À tester,Idempotence
ORDERING,TC_ORDER_039,Récupération,Récupérer par ID,Positif,Haute,Une commande existe,OrderId valide,"1. GET commande | 2. Vérifier","Code HTTP 200 | Toutes propriétés + items",À tester,Lecture commande
ORDERING,TC_ORDER_040,Récupération,Commande inexistante,Négatif,Moyenne,Commande inexistante,OrderId inexistant,"1. GET inexistant | 2. Erreur","Code HTTP 404 | Non trouvée",À tester,Commande inexistante
ORDERING,TC_ORDER_041,Liste,Toutes les commandes,Positif,Haute,5 commandes existent,Aucune,"1. GET toutes | 2. Vérifier","Code HTTP 200 | 5 commandes",À tester,Liste complète
ORDERING,TC_ORDER_042,Liste,Avec pagination,Positif,Moyenne,50 commandes | PageSize=10,Page=1 Size=10,"1. GET paginé | 2. Vérifier","10 commandes | Métadonnées",À tester,Pagination
ORDERING,TC_ORDER_043,Filtrage,Par client,Positif,Haute,Client A = 3 commandes,CustomerId A,"1. GET par client | 2. Vérifier","3 commandes | Bon CustomerId",À tester,Filtrage client
ORDERING,TC_ORDER_044,Filtrage,Client sans commandes,Positif,Basse,Client sans commandes,CustomerId vide,"1. GET | 2. Résultat","Liste vide []",À tester,Client sans historique
ORDERING,TC_ORDER_045,Filtrage,Par statut Pending,Positif,Haute,3 Pending | 2 Shipped,Status=Pending,"1. GET par statut | 2. Vérifier","3 commandes | Status=Pending",À tester,Filtrage statut
ORDERING,TC_ORDER_046,Filtrage,Statut inexistant,Négatif,Basse,Aucune,Status invalide,"1. GET statut invalide | 2. Résultat","Code HTTP 400 OU liste vide",À tester,Validation statut
ORDERING,TC_ORDER_047,Filtrage,Client + Statut,Positif,Moyenne,Client A : 2 Pending | 1 Shipped,CustomerId + Status,"1. GET multi-filtres | 2. Vérifier","2 commandes | Critères respectés",À tester,Multi-critères
ORDERING,TC_ORDER_048,Calcul total,Total sans remise,Positif,Haute,Une commande,"3 items : 200€+150€+75€","1. Ajouter items | 2. Vérifier total","TotalAmount = 425€",À tester,Calcul simple
ORDERING,TC_ORDER_049,Calcul total,Total avec remises multiples,Positif,Haute,Une commande,"Item1 : 100x2 -10% = 180 | Item2 : 200x1 -20% = 160","1. Ajouter items | 2. Vérifier","Total = 340€",À tester,Remises multiples
ORDERING,TC_ORDER_050,Calcul total,Remise 100%,Positif,Basse,Une commande,Item 100€ remise 100%,"1. Ajouter | 2. Vérifier","Total = 0€",À tester,Cas limite
ORDERING,TC_ORDER_051,Workflow,Cycle complet (Happy Path),Intégration,Haute,Aucune,Commande complète A→Z,"1. Créer | 2. Items | 3. Submit | 4. Ship | 5. Deliver","Tous statuts OK | Événements levés | Delivered",À tester,End-to-end
ORDERING,TC_ORDER_052,Workflow,Avec annulation,Intégration,Haute,Aucune,Commande puis annulation,"1. Créer | 2. Items | 3. Submit | 4. Cancel","Status=Cancelled | Événement | Historique conservé",À tester,Flow annulation
ORDERING,TC_ORDER_053,Performance,Créer 100 commandes,Performance,Basse,Aucune,100 commandes,"1. Créer 100 | 2. Mesurer","Total < 30s | 100 créées",À tester,Charge création
ORDERING,TC_ORDER_054,Performance,Récupérer 1000 commandes,Performance,Basse,1000 commandes | PageSize=100,10 pages,"1. 10 requêtes | 2. Mesurer","Chaque < 500ms | 1000 commandes",À tester,Charge lecture
ORDERING,TC_ORDER_055,Concurrence,Modifications simultanées,Concurrence,Moyenne,Une commande,User1 et User2 ajoutent items,"1. 2 POST parallèles | 2. Vérifier","2 items OU 1 gagne | Cohérence",À tester,Concurrence
ORDERING,TC_ORDER_056,Concurrence,Submit et Cancel simultanés,Concurrence,Haute,Commande Initial,Submit et Cancel simultanés,"1. 2 actions parallèles | 2. Vérifier statut","Pending OU Cancelled | Cohérence",À tester,Race condition
ORDERING,TC_ORDER_057,Intégration,Commande depuis panier (checkout),Intégration,Haute,Panier avec 3 items,Panier→Commande,"1. Récupérer panier | 2. Créer commande | 3. Transférer items | 4. Vider panier","Commande créée | Items transférés | Panier vidé",À tester,Basket→Order
ORDERING,TC_ORDER_058,Intégration,Vérifier stock avant création,Intégration,Haute,Produit A : Stock=10 | Commande : 5,Quantity = 5,"1. Vérifier stock Catalog | 2. Créer si OK | 3. Réserver stock","Commande OK | Stock réservé",À tester,Validation stock
ORDERING,TC_ORDER_059,Intégration,Produit supprimé du Catalog,Intégration,Moyenne,Produit supprimé après commande,CatalogItemId supprimé,"1. Créer commande | 2. Supprimer produit Catalog | 3. Vérifier","Commande conserve données historiques",À tester,Cohérence historique
ORDERING,TC_ORDER_060,Validation ID,GUID invalide,Négatif,Basse,Aucune,OrderId=""invalid""","1. GET/PUT/POST invalide | 2. Erreur","Code HTTP 400 | Format invalide",À tester,Validation GUID
